{"cameraMode":{"drawMode":0,"name":"Shaded","section":"Shading Mode"},"sceneLighting":true,"audioPlay":false,"sceneViewState":{"showFog":false,"showMaterialUpdate":false,"showSkybox":false,"showFlares":false,"showImageEffects":false,"showParticleSystems":false},"in2DMode":false,"pivot":{"x":-0.1422426998615265,"y":4.86521577835083,"z":-2.3310744762420656},"rotation":{"x":-0.10811028629541397,"y":-0.3964567482471466,"z":-0.047076791524887088,"w":0.9104493260383606},"size":10.70097827911377,"orthographic":false}